1,"d04d","trimmings; ribbons, tapes, or bands, not otherwise provided for (fittings or trimmings for hats, e.g. hat bands, a42c?5/00; decorating art b44; yarns or threads d02g; weaving d03; braid or lace d04c; non-woven fabrics d04h)"
2,"d04g","making nets by knotting of filamentary material; making knotted carpets or tapestries; knotting not otherwise provided for (binding knotters for harvesters a01d?59/04; wire netting b21f; tying articles by knotting b65b; knotting in association with winding or unwinding b65h?69/00; knotting in weaving d03j; making nets, carpets, or tapestries by other techniques, see the relevant subclasses)"
3,"a41h","appliances or methods for making clothes, e.g. for dress-making, for tailoring, not otherwise provided for (machines, appliances or methods for making particular articles of apparel, see the relevant groups for these articles in a41b-a41f; cutting tools or machines in general b26; weaving, braiding, lace-making, knitting, tufting, treating of textiles d03-d06; sewing-machines, sewing appliances, seam-ripping devices d05b; cutting or otherwise severing textile materials d06h?7/00)"
3,"d04","braiding; lace-making; knitting; trimmings; non-woven fabrics"
3,"d04b","knitting"
3,"d04h","making textile fabrics, e.g. from fibres or filamentary material (weaving d03; knitting d04b; braiding d04c; net-making d04g; sewing d05b; tufting d05c; finishing non-woven fabrics d06); fabrics made by such processes or apparatus, e.g. felts, non-woven fabrics; cotton-wool; wadding (non-woven fabrics having an intermediate or external layer of a different kind, e.g. of woven fabric, b32b)"
3,"d05b","sewing (appliances for the tailoring trade a41h; sewing tables a47b?29/00; sewing in bookbinding b42b?2/00; sewing machines modified for knitting d04b?39/08)"
4,"d04c","braiding or manufacture of lace, including bobbin-net or carbonised lace; braiding machines; braid; lace (machines for making soles from strips of material a43d?29/00; cane working b27j?1/00)"
5,"d04h","making textile fabrics, e.g. from fibres or filamentary material (weaving d03; knitting d04b; braiding d04c; net-making d04g; sewing d05b; tufting d05c; finishing non-woven fabrics d06); fabrics made by such processes or apparatus, e.g. felts, non-woven fabrics; cotton-wool; wadding (non-woven fabrics having an intermediate or external layer of a different kind, e.g. of woven fabric, b32b)"
6,"b61g","couplings specially adapted for railway vehicles; draught or buffing appliances specially adapted for railway vehicles"
7,"b61f","rail vehicle suspensions, e.g. underframes, bogies or arrangements of wheel axles; rail vehicles for use on tracks of different width; preventing derailing of rail vehicles; wheel guards, obstruction removers or the like for rail vehicles (for vehicles in general b60; axles or wheels b60b; vehicle tyres b60c)"
8,"b61d","body details or kinds of railway vehicles (vehicles in general b60; adaptation of vehicles to special systems b61b; underframes b61f)"
9,"b61c","locomotives; motor railcars (vehicles in general b60; frames or bogies b61f; special railroad equipment for locomotives b61j, b61k)"
10,"b61b","railway systems; equipment therefor not otherwise provided for (lifts or hoists, elevators, escalators, moving walkways b66b) [4]"
11,"b61l","guiding railway traffic; ensuring the safety of railway traffic (brakes or auxiliary equipment b61h, b61k; point or crossing construction e01b)"
12,"b61k","other auxiliary equipment for railways (energy-storing brakes b61h; protection of permanent way against weather influences e01b; rail cleaning, snow ploughs e01h)"
13,"b61j","shifting or shunting of rail vehicles (shifting vehicles in general b60s; marshalling systems b61b)"
14,"b61h","brakes or other retarding apparatus peculiar to rail vehicles; arrangements or dispositions of brakes or other retarding apparatus in rail vehicles (electrodynamic braking of vehicles b60l, in general h02k; arrangements in rail vehicles for adjusting wheel-braking force to meet varying vehicular or permanent-way conditions b60t?8/00; transmitting braking action from initiating means to ultimate brake actuator with power assistance or drive, brake systems incorporating such transmitting means, e.g. air-pressure brake systems, b60t?13/00; construction, arrangement or operation of valves incorporated in power brake systems b60t?15/00; component parts, details or accessories of brake systems b60t?17/00; brakes in general f16d)"
15,"f27b","furnaces, kilns, ovens, or retorts in general; open sintering or like apparatus (combustion apparatus f23; electric heating h05b)"
15,"f27d","details or accessories of furnaces, kilns, ovens, or retorts, in so far as they are of kinds occurring in more than one kind of furnace (combustion apparatus f23; electric heating h05b)"
16,"f27d","details or accessories of furnaces, kilns, ovens, or retorts, in so far as they are of kinds occurring in more than one kind of furnace (combustion apparatus f23; electric heating h05b)"
17,"c06c","detonating or priming devices; fuses; chemical lighters; pyrophoric compositions [2]"
18,"c06b","explosive or thermic compositions (blasting f42d); manufacture thereof; use of single substances as explosives [2]"
19,"c06d","means for generating smoke or mist; gas-attack compositions; generation of gas for blasting or propulsion (chemical part) [2]"
20,"e03f","sewers; cesspools"
21,"e03d","water-closets or urinals with flushing devices; flushing valves therefor"
22,"e03b","installations or methods for obtaining, collecting, or distributing water (drilling wells, obtaining fluids in general from wells e21b; pipe-line systems in general f17d)"
23,"e03c","domestic plumbing installations for fresh water or waste water (not connected to either water-supply main or to waste pipe a47k; devices of the kind used in the ground e03b, e03f); sinks"
24,"a47b","tables; desks; office furniture; cabinets; drawers; general details of furniture (jointing of furniture?f16b?12/00)"
25,"a47c","chairs (seats specially adapted for vehicles b60n?2/00); sofas; beds (upholstery in general b68g)"
26,"a47f","special furniture, fittings, or accessories for shops, storehouses, bars, restaurants, or the like; paying counters"
27,"a47g","household or table equipment (book-ends a47b?65/00; knives b26b)"
28,"a47d","furniture specially adapted for children (school benches or desks a47b?39/00, a47b?41/00)"
29,"a47j","kitchen equipment; coffee mills; spice mills; apparatus for making beverages [6]"
30,"a47k","sanitary equipment not otherwise provided for (connecting to water supply or waste pipe, sinks e03c; water-closets e03d); toilet accessories (cosmetic equipment a45d)"
31,"a47h","furnishings for windows or doors (concerned with the functioning of the door or window e05; roller blinds e06b; special arrangements or measures in connection with doors or windows, e.g. for ventilation or sealing, e06b?7/00)"
32,"a47l","domestic washing or cleaning (brushes a46b; cleaning quantities of bottles or of other hollow articles of one kind b08b?9/00; laundry d06f); suction cleaners in general (cleaning in general b08)"
33,"e21f","safety devices, transport, filling-up, rescue, ventilation, or drainage in or of mines or tunnels [2]"
34,"e21d","shafts; tunnels; galleries; large underground chambers (soil-conditioning or soil-stabilising materials c09k?17/00; cutting machines for mining or quarrying e21c; safety devices, transport, rescue, ventilation or drainage e21f) [6]"
35,"e21b","earth or rock drilling (mining, quarrying e21c; making shafts, driving galleries or tunnels e21d); obtaining oil, gas, water, soluble or meltable materials or a slurry of minerals from wells [5]"
36,"b28d","working stone or stone-like materials (machinery for, or methods of, mining or quarrying e21c)"
36,"e21c","mining or quarrying"
36,"e21d","shafts; tunnels; galleries; large underground chambers (soil-conditioning or soil-stabilising materials c09k?17/00; cutting machines for mining or quarrying e21c; safety devices, transport, rescue, ventilation or drainage e21f) [6]"
37,"c11d","detergent compositions; use of single substances as detergents; soap or soap-making; resin soaps; recovery of glycerol"
39,"c11b","producing, e.g. by pressing raw materials or by extraction from waste materials, refining or preserving fats, fatty substances, e.g. lanolin, fatty oils or waxes; essential oils; perfumes (drying-oils c09f)"
40,"b41c","processes for the manufacture or reproduction of printing surfaces (photomechanical processes for producing printing surfaces g03f; photoelectrical processes for producing printing surfaces g03g)"
40,"b41d","apparatus for the mechanical reproduction of printing surfaces for stereotype printing; shaping elastic or deformable material to form printing surfaces (marking or engraving metal by the action of a high concentration of electric current b23h?9/06; type, machines, or accessories for making, setting, or distributing type b41b; processes for the manufacture or reproduction of printing surfaces b41c; machines or apparatus for engraving in general, or for embossing b44b?3/00, b44b?5/00; chemical etching of metal c23f?1/00; electrolytic etching c25f?3/00; photomechanical reproduction g03f)"
41,"b41b","machines or accessories for making, setting, or distributing type; type; photographic or photoelectronic composing devices (photographic devices in general g03)"
42,"f28b","steam or vapour condensers (condensation of vapours b01d?5/00; condensation during pretreatment of gases prior to electrostatic precipitation of dispersed particles b03c?3/014; steam engine plants having condensers f01k; liquefaction of gases f25j; details of heat-exchange or heat-transfer arrangements of general application f28f)"
42,"f28f","details of heat-exchange or heat-transfer apparatus, of general application (heat-transfer, heat-exchange or heat-storage materials c09k?5/00; water or air traps, air venting f16)"
43,"f28g","cleaning of internal or external surfaces of heat-exchange or heat-transfer conduits, e.g. water tubes of boilers (cleaning pipes or tubes in general b08b?9/02; devices or arrangements for removing water, minerals, or sludge from boilers while the boiler is in operation, or which remain in position while the boiler is in operation, or are specifically adapted to boilers without any other utility f22b?37/48; removal or treatment of combustion products or combustion residues f23j; removing ice from heat-exchange apparatus f28f?17/00)"
44,"f28b","steam or vapour condensers (condensation of vapours b01d?5/00; condensation during pretreatment of gases prior to electrostatic precipitation of dispersed particles b03c?3/014; steam engine plants having condensers f01k; liquefaction of gases f25j; details of heat-exchange or heat-transfer arrangements of general application f28f)"
45,"f28c","heat-exchange apparatus, not provided for in another subclass, in which the heat-exchange media come into direct contact without chemical interaction (heat-transfer, heat-exchange or heat-storage materials c09k?5/00; fluid heaters having heat generating means f24h; with an intermediate heat-transfer medium coming into direct contact with heat-exchange media f28d?15/00-f28d?19/00; details of heat-exchange apparatus of general application f28f)"
45,"f28d","heat-exchange apparatus, not provided for in another subclass, in which the heat-exchange media do not come into direct contact (heat-transfer, heat-exchange or heat-storage materials c09k?5/00; fluid heaters having heat generating means and heat transferring means f24h; furnaces f27; details of heat-exchange apparatus of general application f28f); heat storage plants or apparatus in general [4]"
46,"f41j","targets; target ranges; bullet catchers"
47,"b02b","preparing grain for milling; refining granular fruit to commercial products by working the surface (making dough from cereals directly a21c; preservation or sterilisation of cereals a23b; cleaning fruit a23n; preparation of malt c12c)"
48,"b02","crushing, pulverising, or disintegrating; preparatory treatment of grain for milling"
48,"b02c","crushing, pulverising, or disintegrating in general; milling grain (obtaining metallic powder by crushing, grinding or milling b22f?9/04)"
49,"f41f","apparatus for launching projectiles or missiles from barrels, e.g. cannons (smallarms f41c); launchers for rockets or torpedoes; harpoon guns (functional features or details common to both smallarms and ordnance, mountings therefor f41a; projecting missiles without use of explosive or combustible propellant charge f41b) [5]"
50,"b28b","shaping clay or other ceramic compositions, slag or mixtures containing cementitious material, e.g. plaster (foundry moulding b22c; working stone or stone-like material b28d; shaping of substances in a plastic state, in general b29c; making layered products not composed wholly of these substances b32b; shaping in situ, see the relevant classes of section e)"
51,"b28c","preparing clay; producing mixtures containing clay or cementitious material, e.g. plaster (preparing material for foundry moulds b22c?5/00)"
52,"b28b","shaping clay or other ceramic compositions, slag or mixtures containing cementitious material, e.g. plaster (foundry moulding b22c; working stone or stone-like material b28d; shaping of substances in a plastic state, in general b29c; making layered products not composed wholly of these substances b32b; shaping in situ, see the relevant classes of section e)"
52,"b28d","working stone or stone-like materials (machinery for, or methods of, mining or quarrying e21c)"
53,"f01d","non-positive-displacement machines or engines, e.g. steam turbines (combustion engines f02; machines or engines for liquids f03, f04; non-positive-displacement pumps f04d)"
53,"f03b","machines or engines for liquids (machines or engines for liquids and elastic fluids f01; positive-displacement engines for liquids f03c; positive-displacement machines for liquids f04)"
53,"f03c","positive-displacement engines driven by liquids (positive-displacement engines for liquids and elastic fluids f01; positive-displacement machines for liquids f04; fluid-pressure actuators f15b; fluid gearing f16h)"
53,"f04","positive-displacement machines for liquids; pumps for liquids or elastic fluids"
53,"f04b","positive-displacement machines for liquids; pumps (machines for liquids, or pumps, of rotary-piston or oscillating-piston type f04c; non-positive-displacement pumps f04d; pumping of fluid by direct contact of another fluid or by using inertia of fluid to be pumped f04f)"
53,"f04c","rotary-piston, or oscillating-piston, positive-displacement machines for liquids (engines driven by liquids f03c); rotary-piston, or oscillating-piston, positive-displacement pumps (engine fuel-injection pumps f02m)"
54,"f04c","rotary-piston, or oscillating-piston, positive-displacement machines for liquids (engines driven by liquids f03c); rotary-piston, or oscillating-piston, positive-displacement pumps (engine fuel-injection pumps f02m)"
55,"f04b","positive-displacement machines for liquids; pumps (machines for liquids, or pumps, of rotary-piston or oscillating-piston type f04c; non-positive-displacement pumps f04d; pumping of fluid by direct contact of another fluid or by using inertia of fluid to be pumped f04f)"
55,"f04f","pumping of fluid by direct contact of another fluid or by using inertia of fluid to be pumped (containers or packages with special means for dispensing liquid or semi-liquid contents by internal gaseous pressure b65d?83/14); siphons [2]"
56,"f01d","non-positive-displacement machines or engines, e.g. steam turbines (combustion engines f02; machines or engines for liquids f03, f04; non-positive-displacement pumps f04d)"
56,"f04b","positive-displacement machines for liquids; pumps (machines for liquids, or pumps, of rotary-piston or oscillating-piston type f04c; non-positive-displacement pumps f04d; pumping of fluid by direct contact of another fluid or by using inertia of fluid to be pumped f04f)"
56,"f04d","non-positive-displacement pumps (engine fuel-injection pumps f02m; ion pumps h01j?41/12; electrodynamic pumps h02k?44/02)"
57,"b09","disposal of solid waste; reclamation of contaminated soil [6]"
57,"b09b","disposal of solid waste [3]"
58,"d05c","embroidering (programme-controlled sewing machines with embroidering capability d05b?19/00, d05b?21/00); tufting (making non-woven fabrics d04h; sewing d05b)"
59,"d05b","sewing (appliances for the tailoring trade a41h; sewing tables a47b?29/00; sewing in bookbinding b42b?2/00; sewing machines modified for knitting d04b?39/08)"
60,"b62b","hand-propelled vehicles, e.g. hand carts or perambulators; sledges (characterised by animal propulsion b62c; propulsion of sledges by driver or engine b62m)"
61,"b62c","vehicles drawn by animals"
62,"b62d","motor vehicles; trailers (steering, or guiding on a desired track, of agricultural machines or implements a01b?69/00; wheels, castors, axles, increasing wheel adhesion b60b; vehicle tyres, tyre inflation or tyre changing b60c; connections between vehicles of a train or the like b60d; vehicles for use on rail and road, amphibious or convertible vehicles b60f; suspension arrangements b60g; heating, cooling, ventilating or other air treating devices b60h; windows, windscreens, non-fixed roofs, doors or similar devices, protective coverings for vehicles not in use b60j; propulsion plant arrangements, auxiliary drives, transmissions, controls, instrumentation or dashboards b60k; electric equipment or propulsion of electrically-propelled vehicles b60l; power supply for electrically-propelled vehicles b60m; passenger accommodation not otherwise provided for b60n; adaptations for load transportation or to carry special loads or objects b60p; arrangement of signalling or lighting devices, the mounting or supporting thereof or circuits therefor, for vehicles in general b60q; vehicles, vehicle fittings or vehicle parts, not otherwise provided for b60r; servicing, cleaning, repairing, supporting, lifting, or manoeuvring, not otherwise provided for b60s; brake arrangements, brake control systems or parts thereof b60t; air-cushion vehicles b60v; motorcycles, accessories therefor b62j, b62k; testing of vehicles g01m)"
64,"b62k","cycles; cycle frames; cycle steering devices; rider-operated terminal controls specially adapted for cycles; cycle axle suspensions; cycle sidecars, forecars, or the like"
65,"b62h","cycle stands; supports or holders for parking or storing cycles; appliances preventing or indicating unauthorised use or theft of cycles; locks integral with cycles; devices for learning to ride cycles"
66,"b62l","brakes specially adapted for cycles"
67,"b62m","rider propulsion of wheeled vehicles or sledges; powered propulsion of sledges or cycles; transmissions specially adapted for such vehicles (arrangements or mounting of transmissions in vehicles in general b60k; transmission elements per sef16)"
68,"b68c","saddles; stirrups"
71,"c12l","pitching or depitching machines; cellar tools"
72,"c12m","apparatus for enzymology or microbiology (installations for fermenting manure a01c?3/02; preservation of living parts of humans or animals a01n?1/02; brewing apparatus c12c; fermentation apparatus for wine c12g; apparatus for preparing vinegar c12j?1/10) [3]"
74,"c12f","recovery of by-products of fermented solutions (removal of yeast from wine or sparkling wine c12g?1/08); denatured alcohol; preparation thereof [6]"
76,"e04g","scaffolding; forms; shuttering; building implements or other building aids, or their use; handling building materials on the site; repairing, breaking-up or other work on existing buildings"
77,"b29k","indexing scheme associated with subclasses b29b, b29c or b29d, relating to moulding materials or to materials for reinforcements, fillers or preformed parts, e.g. inserts [4]"
77,"b29l","indexing scheme associated with subclass b29c, relating to particular articles [4]"
77,"c10n","indexing scheme associated with subclass c10m [4]"
77,"c12r","indexing scheme associated with subclasses c12c-c12q, relating to microorganisms [3]"
77,"f21w","indexing scheme associated with subclasses f21k,?f21l, f21s and f21v, relating to uses or applications of lighting devices or systems [7]"
77,"f21y","indexing scheme associated with subclasses f21k, f21l, f21s and f21v, relating to the form or the kind of the light sources or of the colour of the light emitted [7]"
79,"c12q","measuring or testing processes involving enzymes, nucleic acids or microorganisms (immunoassay g01n?33/53); compositions or test papers therefor; processes of preparing such compositions; condition-responsive control in microbiological or enzymological processes [3]"
79,"g01n","investigating or analysing materials by determining their chemical or physical properties (measuring or testing processes other than immunoassay, involving enzymes or microorganisms c12m, c12q)"
80,"b23f","making gears or toothed racks (by stamping b21d; by rolling b21h; by forging or pressing b21k; by casting b22; arrangements for copying or controlling b23q; machines or devices for grinding or polishing, in general b24b)"
81,"b41f","printing machines or presses (manifolding devices or office printing machines b41l) [4]"
82,"e04b","general building constructions; walls, e.g. partitions; roofs; floors; ceilings; insulation or other protection of buildings (border constructions of openings in walls, floors, or ceilings e06b?1/00)"
84,"c13k","saccharides, other than sucrose, obtained from natural sources or by hydrolysis of naturally occurring di-, oligo- or polysaccharides (chemically synthesised sugars or sugar derivatives c07h; polysaccharides, e.g. starch, derivatives thereof c08b; malt c12c; fermentation or enzyme-using processes for preparing compounds containing saccharide radicals?c12p?19/00)"
85,"b41d","apparatus for the mechanical reproduction of printing surfaces for stereotype printing; shaping elastic or deformable material to form printing surfaces (marking or engraving metal by the action of a high concentration of electric current b23h?9/06; type, machines, or accessories for making, setting, or distributing type b41b; processes for the manufacture or reproduction of printing surfaces b41c; machines or apparatus for engraving in general, or for embossing b44b?3/00, b44b?5/00; chemical etching of metal c23f?1/00; electrolytic etching c25f?3/00; photomechanical reproduction g03f)"
87,"g10c","pianos, harpsichords, spinets or similar stringed musical instruments with one or more keyboards (automatic musical instruments g10f)"
87,"g10d","stringed musical instruments; wind musical instruments; accordions or concertinas; percussion musical instruments; aeolian harps; singing-flame musical instruments; musical instruments not otherwise provided for (organs, harmoniums or similar wind musical instruments with associated blowing apparatus g10b; pianos, harpsichords, spinets or similar stringed musical instruments with one or more keyboards g10c; automatic musical instruments g10f; electrophonic musical instruments in which tones are generated by electromechanical means g10h)"
88,"g10d","stringed musical instruments; wind musical instruments; accordions or concertinas; percussion musical instruments; aeolian harps; singing-flame musical instruments; musical instruments not otherwise provided for (organs, harmoniums or similar wind musical instruments with associated blowing apparatus g10b; pianos, harpsichords, spinets or similar stringed musical instruments with one or more keyboards g10c; automatic musical instruments g10f; electrophonic musical instruments in which tones are generated by electromechanical means g10h)"
89,"g10c","pianos, harpsichords, spinets or similar stringed musical instruments with one or more keyboards (automatic musical instruments g10f)"
89,"g10d","stringed musical instruments; wind musical instruments; accordions or concertinas; percussion musical instruments; aeolian harps; singing-flame musical instruments; musical instruments not otherwise provided for (organs, harmoniums or similar wind musical instruments with associated blowing apparatus g10b; pianos, harpsichords, spinets or similar stringed musical instruments with one or more keyboards g10c; automatic musical instruments g10f; electrophonic musical instruments in which tones are generated by electromechanical means g10h)"
89,"g10f","automatic musical instruments (non-musical aspects of musical toy instruments a63h?5/00; arrangements for the associated working of recording or reproducing apparatus with automatic musical instruments g11b?31/02)"
90,"g10d","stringed musical instruments; wind musical instruments; accordions or concertinas; percussion musical instruments; aeolian harps; singing-flame musical instruments; musical instruments not otherwise provided for (organs, harmoniums or similar wind musical instruments with associated blowing apparatus g10b; pianos, harpsichords, spinets or similar stringed musical instruments with one or more keyboards g10c; automatic musical instruments g10f; electrophonic musical instruments in which tones are generated by electromechanical means g10h)"
90,"g10h","electrophonic musical instruments; instruments in which the tones are generated by electromechanical means or electronic generators, or?in which the tones are synthesised from a data store"
90,"h03b","generation of oscillations, directly or by frequency-changing, by circuits employing active elements which operate in a non-switching manner; generation of noise by such circuits (generators specially adapted for electrophonic musical instruments g10h; masers or lasers h01s; generation of oscillations in plasma h05h)"
91,"c05d","inorganic fertilisers not covered by subclasses c05b, c05c; fertilisers producing carbon dioxide"
92,"g10k","sound-producing devices (sound-producing toys a63h?5/00); methods or devices for protecting against, or for damping, noise or other acoustic waves in general; acoustics not otherwise provided for [6]"
93,"c05b","phosphatic fertilisers"
94,"c05c","nitrogenous fertilisers"
95,"b41m","printing, duplicating, marking, or copying processes; colour printing (correction of typographical errors b41j; processes for applying transfer pictures or the like b44c?1/16; fluid media for correction of typographical errors by coating c09d?10/00; printing textiles d06p)"
96,"e02c","ship-lifting devices or mechanisms"
97,"e02b","hydraulic engineering (ship-lifting e02c; dredging e02f)"
98,"e02d","foundations; excavations; embankments (specially adapted for hydraulic engineering e02b); underground or underwater structures [6]"
99,"e02f","dredging; soil-shifting (winning peat e21c?49/00)"
100,"c06f","matches; manufacture of matches"
101,"c02","treatment of water, waste water, sewage, or sludge"
101,"c02f","treatment of water, waste water, sewage, or sludge (processes for making harmful chemical substances harmless, or less harmful, by effecting a chemical change in the substances a62d?3/00; separation, settling tanks or filter devices? b01d; special arrangements on waterborne vessels of installations for treating water, waste water or sewage, e.g. for producing fresh water, b63j; adding materials to water to prevent corrosion c23f; treating radioactively-contaminated liquids g21f?9/04) [3]"
101,"c25f","processes for the electrolytic removal of materials from objects; apparatus therefor (treatment of water, waste water or sewage by electrochemical methods c02f?1/46; anodic or cathodic protection c23f?13/00) [2]"
102,"b41k","stamps; stamping or numbering apparatus or devices (marking meat a22c?17/10; embossing combined with printing b41f?19/00; selective printing mechanisms b41j; embossing decorations or marks b44b?5/00; marking or coding completed packages b65b?61/26; ticket printing and issuing, fare registering, non-printing aspects of franking apparatus g07b)"
103,"b29k","indexing scheme associated with subclasses b29b, b29c or b29d, relating to moulding materials or to materials for reinforcements, fillers or preformed parts, e.g. inserts [4]"
103,"b29l","indexing scheme associated with subclass b29c, relating to particular articles [4]"
103,"c10n","indexing scheme associated with subclass c10m [4]"
103,"c12r","indexing scheme associated with subclasses c12c-c12q, relating to microorganisms [3]"
103,"f21w","indexing scheme associated with subclasses f21k,?f21l, f21s and f21v, relating to uses or applications of lighting devices or systems [7]"
103,"f21y","indexing scheme associated with subclasses f21k, f21l, f21s and f21v, relating to the form or the kind of the light sources or of the colour of the light emitted [7]"
104,"b82y","specific uses or applications of nanostructures; measurement or analysis of nanostructures; manufacture? or treatment of nanostructures [2011.01]"
105,"b29k","indexing scheme associated with subclasses b29b, b29c or b29d, relating to moulding materials or to materials for reinforcements, fillers or preformed parts, e.g. inserts [4]"
105,"b29l","indexing scheme associated with subclass b29c, relating to particular articles [4]"
105,"c10n","indexing scheme associated with subclass c10m [4]"
105,"c12r","indexing scheme associated with subclasses c12c-c12q, relating to microorganisms [3]"
105,"f21w","indexing scheme associated with subclasses f21k,?f21l, f21s and f21v, relating to uses or applications of lighting devices or systems [7]"
105,"f21y","indexing scheme associated with subclasses f21k, f21l, f21s and f21v, relating to the form or the kind of the light sources or of the colour of the light emitted [7]"
106,"b29c","shaping or joining of plastics; shaping of material in a plastic state, not otherwise provided for; after-treatment of the shaped products, e.g. repairing (making preforms b29b?11/00; making laminated products by combining previously unconnected layers which become one product whose layers will remain together b32b?37/00-b32b?41/00) [4]"
107,"b29b","preparation or pretreatment of the material to be shaped; making granules or preforms; recovery of plastics or other constituents of waste material containing plastics [4]"
108,"b29d","producing particular articles from plastics or from substances in a plastic state (making granules b29b?9/00; making preforms b29b?11/00) [4]"
109,"b23p","other working of metal; combined operations; universal machine tools (arrangements for copying or controlling b23q)"
110,"f16t","steam traps or like apparatus for draining-off liquids from enclosures predominantly containing gases or vapours"
110,"f24h","fluid heaters, e.g. water or air heaters, having heat-generating means, in general (heat-transfer, heat-exchange or heat-storage materials c09k?5/00; tube furnaces for thermal non-catalytic cracking c10g?9/20; devices, e.g. valves, for venting and aerating enclosures f16k?24/00; steam traps or like apparatus f16t; steam generation f22; combustion apparatus f23; domestic stoves or ranges f24b, f24c; domestic- or space-heating systems f24d; furnaces, kilns, ovens, retorts f27; heat-exchangers f28; electric heating elements or arrangements h05b)"
112,"d06c","finishing, dressing, tentering or stretching textile fabrics [2]"
113,"d06f","laundering, drying, ironing, pressing or folding textile articles"
114,"d06g","mechanical or pressure cleaning of carpets, rugs, sacks, hides, or other skin or textile articles or fabrics; turning inside-out flexible tubular or other hollow articles"
117,"d06n","wall, floor, or like covering materials, e.g. linoleum, oilcloth, artificial leather, roofing felt, consisting of a fibrous web coated with a layer of macromolecular material; flexible sheet material not otherwise provided for"
119,"d06m","treatment, not provided for elsewhere in class d06, of fibres, threads, yarns, fabrics, feathers or fibrous goods made from such materials"
120,"d06p","dyeing or printing textiles; dyeing leather, furs or solid macromolecular substances in any form"
122,"b63h","marine propulsion or steering (propulsion of air-cushion vehicles b60v?1/14; specially adapted for submarines, other than nuclear propulsion, b63g; specially adapted for torpedoes f42b?19/00)"
123,"b63j","auxiliaries on vessels"
124,"b63g","offensive or defensive arrangements on vessels; mine-laying; mine-sweeping; submarines; aircraft carriers (means of attack or defence in general, e.g. turrets, f41h)"
125,"b63c","launching, hauling-out, or dry-docking of vessels; life-saving in water; equipment for dwelling or working under water; means for salvaging or searching for underwater objects (floating nets, floating slipways, or the like for recovering aircraft from the water b63b?35/52)"
126,"b63","ships or other waterborne vessels; related equipment"
126,"b63b","ships or other waterborne vessels; equipment for shipping (arrangements of vessel ventilation, heating, cooling, or air-conditioning b63j?2/00; floating substructures as supports of dredgers or soil-shifting machines e02f?9/06) [2]"
127,"b03d","flotation; differential sedimentation (in combination with other separation of solids b03b; sink-float separation b03b?5/28)"
128,"b01d","separation (separating solids from solids by wet methods b03b, b03d, by pneumatic jigs or tables b03b, by other dry methods b07; magnetic or electrostatic separation of solid materials from solid materials or fluids, separation by high-voltage electric fields b03c; centrifuges b04b; vortex apparatus?b04c; presses per se for squeezing-out liquid from liquid-containing material b30b?9/02) [5]"
128,"b03","separation of solid materials using liquids or using pneumatic tables or jigs; magnetic or electrostatic separation of solid materials from solid materials or fluids; separation by high-voltage electric fields [5]"
128,"b03b","separating solid materials using liquids or using pneumatic tables or jigs (removing fluids from solids b01d; magnetic or electrostatic separation of solid materials from solid materials or fluids, separation by high voltage electric fields b03c; flotation, differential sedimentation b03d; separating by dry methods b07; screening or sifting b07b; by picking b07c; separating peculiar to particular materials and provided for in other single classes, see the relevant classes)"
128,"b03c","magnetic or electrostatic separation of solid materials from solid materials or fluids; separation by high-voltage electric fields (filters making use of electricity or magnetism b01d?35/06; separating isotopes b01d?59/00; combinations of magnetic or electrostatic separation with separation of solids by other means b03b, b07b; separating sheets from piles b65h?3/00; magnets or magnet coils per seh01f) [5]"
128,"b07b","separating solids from solids by sieving, screening, or sifting or by using gas currents; other separating by dry methods applicable to bulk material, e.g. loose articles fit to be handled like bulk material (wet separating processes, sorting by processes using fluent material in the same way as liquid b03; combinations of dry separating apparatus with wet separating apparatus b03b; using liquids b03b, b03d; sorting by magnetic or electrostatic separation of solid materials from solid materials or fluids, separation by high voltage electric fields b03c; centrifuges or vortex apparatus for carrying out physical processes b04; hand sorting, postal sorting, sorting by switching or other devices actuated in response to detection or measurement of some feature of articles or samples of material b07c)"
129,"b03b","separating solid materials using liquids or using pneumatic tables or jigs (removing fluids from solids b01d; magnetic or electrostatic separation of solid materials from solid materials or fluids, separation by high voltage electric fields b03c; flotation, differential sedimentation b03d; separating by dry methods b07; screening or sifting b07b; by picking b07c; separating peculiar to particular materials and provided for in other single classes, see the relevant classes)"
130,"g11c","static stores (information storage based on relative movement between record carrier and transducer g11b; semiconductor devices for storage h01l, e.g. h01l?27/108-h01l?27/11597; pulse technique in general h03k, e.g. electronic switches h03k?17/00)"
131,"g03g","electrography; electrophotography; magnetography (information storage based on relative movement between record carrier and transducer g11b; static stores with means for writing-in or reading-out information g11c; recording of television signals h04n?5/76)"
131,"g11b","information storage based on relative movement between record carrier and transducer (recording measured values in a way that does not require playback through a transducer g01d?9/00; recording or playback apparatus using mechanically marked tape, e.g. punched paper tape, or using unit records, e.g. punched or magnetically marked cards g06k; transferring data from one type of record carrier to another g06k?1/18; circuits for coupling output of reproducer to radio receiver h04b?1/20; gramophone pick-ups or like acoustic electromechanical transducers or circuits therefor h04r)"
131,"g11c","static stores (information storage based on relative movement between record carrier and transducer g11b; semiconductor devices for storage h01l, e.g. h01l?27/108-h01l?27/11597; pulse technique in general h03k, e.g. electronic switches h03k?17/00)"
132,"c04b","lime; magnesia; slag; cements; compositions thereof, e.g. mortars, concrete or like building materials; artificial stone; ceramics (devitrified glass-ceramics c03c?10/00); refractories (alloys based on refractory metals c22c); treatment of natural stone [4]"
133,"a41h","appliances or methods for making clothes, e.g. for dress-making, for tailoring, not otherwise provided for (machines, appliances or methods for making particular articles of apparel, see the relevant groups for these articles in a41b-a41f; cutting tools or machines in general b26; weaving, braiding, lace-making, knitting, tufting, treating of textiles d03-d06; sewing-machines, sewing appliances, seam-ripping devices d05b; cutting or otherwise severing textile materials d06h?7/00)"
134,"a41b","shirts; underwear; baby linen; handkerchiefs"
136,"a41d","outerwear; protective garments; accessories"
137,"a41f","garment fastenings; suspenders"
138,"a41g","artificial flowers; wigs; masks; feathers"
139,"b41l","apparatus or devices for manifolding, duplicating, or printing for office or other commercial purposes; addressing machines or like series-printing machines (printing presses or machines for industrial purposes b41f; stamps, stamping or numbering devices b41k)"
140,"c13b","production of sucrose; apparatus specially adapted therefor (chemically synthesised sugars or sugar derivatives c07h; fermentation or enzyme-using processes for preparing compounds containing saccharide radicals c12p?19/00) [2011.01]"
142,"c23g","cleaning or de-greasing of metallic material by chemical methods other than electrolysis (polishing compositions c09g; detergents in general c11d)"
143,"e01f","additional work, such as equipping roads or the construction of platforms, helicopter landing stages, signs, snow fences, or the like"
144,"d21d","treatment of the materials before passing to the paper-making machine [5]"
145,"d21g","calenders; accessories for paper-making machines (winders or rewinders for finished products, means for adjustment of wrinkles or lateral extensions b65h)"
146,"d21f","paper-making machines; methods of producing paper thereon"
147,"d21c","production of cellulose by removing non-cellulose substances from cellulose- containing materials; regeneration of pulping liquors; apparatus therefor"
148,"d21b","fibrous raw materials or their mechanical treatment"
149,"f02p","ignition, other than compression ignition, for internal-combustion engines; testing of ignition timing in compression-ignition engines (specially adapted for rotary-piston or oscillating-piston engines f02b?53/12; ignition of combustion apparatus in general, glowing plugs f23q; measuring of physical variables in general g01; controlling in general g05; data processing in general g06; electrical components in general, see section h; sparking plugs h01t)"
150,"d21j","fibreboard; manufacture of articles from cellulosic fibrous suspensions or from papier-m?ch? (manufacture of articles by dry processes b27n)"
151,"f02k","jet-propulsion plants (arrangement or mounting of jet-propulsion plants in land vehicles or vehicles in general b60k; arrangement or mounting of jet-propulsion plants in waterborne vessels b63h; controlling aircraft attitude, flight direction, or altitude by jet reaction b64c; arrangement or mounting of jet-propulsion plants in aircraft b64d; plants characterised by the power of the working fluid being divided between jet propulsion and another form of propulsion, e.g. propeller, f02b, f02c; features of jet-propulsion plants common to gas-turbine plants, air intakes or fuel supply control of air-breathing jet-propulsion plants f02c)"
152,"f02m","supplying combustion engines in general with combustible mixtures or constituents thereof"
153,"f02d","controlling combustion engines (vehicle fittings, acting on a single sub-unit only, for automatically controlling vehicle speed b60k?31/00; conjoint control of vehicle sub-units of different type or different function, road vehicle drive control systems for purposes other than the control of a single sub-unit b60w; cyclically operating valves for combustion engines f01l; controlling combustion engine lubrication f01m; cooling internal-combustion engines f01p; supplying combustion engines with combustible mixtures or constituents thereof, e.g. carburettors, injection pumps, f02m; starting of combustion engines f02n; controlling of ignition f02p; controlling gas-turbine plants, jet-propulsion plants, or combustion-product engine plants, see the relevant subclasses for these plants) [2006.01]"
153,"f02n","starting of combustion engines (starting of free-piston combustion-engines f02b?71/02; starting of gas-turbine plants f02c?7/26); starting aids for such engines, not otherwise provided for"
154,"f02b","internal-combustion piston engines; combustion engines in general (cyclically operating valves therefor f01l; lubricating internal-combustion engines f01m; gas-flow silencers or exhaust apparatus therefor f01n; cooling of internal-combustion engines f01p; internal-combustion turbines f02c; plants in which engines use combustion products f02c, f02g)"
155,"f02c","gas-turbine plants; air intakes for jet-propulsion plants; controlling fuel supply in air-breathing jet-propulsion plants (construction of turbines f01d; jet-propulsion plants f02k; construction of compressors or fans f04; combustion apparatus in which combustion takes place in a fluidised bed of fuel or other particles f23c?10/00; generating combustion products of high pressure or high velocity f23r; using gas turbines in compression refrigeration plants f25b?11/00; using gas-turbine plants in vehicles, see the relevant vehicle classes)"
156,"f02d","controlling combustion engines (vehicle fittings, acting on a single sub-unit only, for automatically controlling vehicle speed b60k?31/00; conjoint control of vehicle sub-units of different type or different function, road vehicle drive control systems for purposes other than the control of a single sub-unit b60w; cyclically operating valves for combustion engines f01l; controlling combustion engine lubrication f01m; cooling internal-combustion engines f01p; supplying combustion engines with combustible mixtures or constituents thereof, e.g. carburettors, injection pumps, f02m; starting of combustion engines f02n; controlling of ignition f02p; controlling gas-turbine plants, jet-propulsion plants, or combustion-product engine plants, see the relevant subclasses for these plants) [2006.01]"
157,"f02f","cylinders, pistons, or casings for combustion engines; arrangements of sealings in combustion engines (specially adapted for rotary-piston or oscillating-piston internal-combustion engines f02b; specially adapted for gas-turbine plants f02c; specially adapted for jet-propulsion plants f02k) [2]"
158,"f02","combustion engines; hot-gas or combustion-product engine plants"
158,"f02g","hot-gas or combustion-product positive-displacement engine plants (steam engine plants, special vapour plants, plants operating on either hot gas or combustion-product gases together with other fluid f01k; gas-turbine plants f02c; jet-propulsion plants f02k); use of waste heat of combustion engines, not otherwise provided for"
159,"d07b","ropes or cables in general (joining ropes or cables to one another or to other objects b65h?69/00, f16g?11/00; mechanical finishing or dressing of ropes d02j; decorative ropes or cords d04d; suspension cables for bridges e01d?19/16; specially adapted for driving, or for being driven by, pulleys or other gearing elements f16g?9/00; electric cables or joints insofar as electrical aspects are essential h01b, h01r)"
160,"f21k","non-electric light sources using luminescence; light sources using electrochemiluminescence; light sources using charges of combustible material; light sources using semiconductor devices as light-generating elements; light sources not otherwise provided for"
161,"b64c","aeroplanes; helicopters (air-cushion vehicles b60v)"
162,"b64d","equipment for fitting in or to aircraft; flying suits; parachutes; arrangements or mounting of power plants or propulsion transmissions in aircraft"
163,"b64f","ground or aircraft-carrier-deck installations specially adapted for use in connection with aircraft; designing, manufacturing, assembling, cleaning, maintaining or repairing aircraft, not otherwise provided for; handling, transporting, testing or inspecting aircraft components, not otherwise provided for"
164,"b64g","cosmonautics; vehicles or equipment therefor (apparatus for, or methods of, winning materials from extraterrestrial sources e21c?51/00)"
165,"c14b","mechanical treatment or processing of skins, hides, or leather in general; pelt-shearing machines; intestine-splitting machines (mechanical cleaning of hides or the like d06g)"
167,"c09b","organic dyes or closely-related compounds for producing dyes; mordants; lakes (fermentation or enzyme-using processes to synthesise a desired chemical compound c12p)"
168,"c09c","treatment of inorganic materials, other than fibrous fillers, to enhance their pigmenting or filling properties (preparation of inorganic compounds or non-metallic elements c01; treatment of materials specially adapted to enhance their filling properties in mortars, concrete or artificial stone c04b?14/00, c04b?18/00, c04b?20/00); preparation of carbon black [4]"
169,"a24c","machines for making cigars or cigarettes"
170,"a24b","manufacture or preparation of tobacco for smoking or chewing; tobacco; snuff"
171,"c09f","natural resins; french polish; drying-oils; driers (siccatives); turpentine"
173,"c09k","materials for applications not otherwise provided for; applications of materials not otherwise provided for"
174,"c09h","preparation of glue or gelatine"
174,"c09j","adhesives; non-mechanical?aspects of?adhesive processes in general; adhesive processes not provided for elsewhere; use of materials as adhesives (surgical adhesives a61l?24/00; adhesives on the basis of non specified organic macromolecular compounds used as bonding agents in layered products b32b; labelling fabrics or comparable materials or articles with deformable surface using adhesives and thermo-activatable adhesives respectively b65c?5/02, b65c?5/04; preparation of glue or gelatine c09h; adhesive labels, tag tickets or similar identification of indication means g09f?3/10) [5]"
175,"g12b","constructional details of instruments, or comparable details of other apparatus, not otherwise provided for"
176,"a42c","manufacturing or trimming hats or other head coverings"
177,"a42b","hats; head coverings (headbands, head-scarves a41d?20/00, a41d?23/00)"
178,"f17c","vessels for containing or storing compressed, liquefied, or solidified gases; fixed-capacity gas-holders; filling vessels with, or discharging from vessels, compressed, liquefied, or solidified gases (storing fluids in natural or artificial cavities or chambers in the earth b65g?5/00; construction or assembling of bulk storage containers employing civil-engineering techniques e04h?7/00; variable-capacity gas-holders f17b; liquefaction or refrigeration machines, plants, or systems f25)"
178,"f25b","refrigeration machines, plants, or systems; combined heating and refrigeration systems; heat pump systems (heat-transfer, heat-exchange or heat-storage materials, e.g. refrigerants, or materials for the production of heat or cold by chemical reactions other than by combustion c09k?5/00; pumps, compressors f04; use of heat pumps for domestic or space-heating or for domestic hot-water supply f24d; air-conditioning, air-humidification f24f; fluid heaters using heat pumps f24h)"
178,"f25d","refrigerators; cold rooms; ice-boxes; cooling or freezing apparatus not covered by any other subclass (refrigerated showcases a47f?3/04; thermally-insulated vessels for domestic use a47j?41/00; refrigerated vehicles, see the appropriate subclasses of classes b60-b64; containers with thermal insulation in general b65d?81/38; heat-transfer, heat-exchange or heat-storage materials, e.g. refrigerants, or materials for the production of heat or cold by chemical reactions other than by combustion c09k?5/00; thermally-insulated vessels for liquefied or solidified gases f17c; air-conditioning or air-humidification f24f; refrigeration machines, plants, or systems f25b; cooling of instruments or comparable apparatus without refrigeration g12b; cooling of engines or pumps, see the relevant classes)"
178,"f25j","liquefaction, solidification, or separation of gases or gaseous mixtures by pressure and cold treatment (cryogenic pumps f04b?37/08; gas storage vessels, gas-holders f17; filling vessels with, or discharging from vessels, compressed, liquefied, or solidified gases f17c; refrigeration machines, plants, or systems f25b)"
179,"f02c","gas-turbine plants; air intakes for jet-propulsion plants; controlling fuel supply in air-breathing jet-propulsion plants (construction of turbines f01d; jet-propulsion plants f02k; construction of compressors or fans f04; combustion apparatus in which combustion takes place in a fluidised bed of fuel or other particles f23c?10/00; generating combustion products of high pressure or high velocity f23r; using gas turbines in compression refrigeration plants f25b?11/00; using gas-turbine plants in vehicles, see the relevant vehicle classes)"
179,"f23r","generating combustion products of high pressure or high velocity, e.g. gas-turbine combustion chambers (fluidised bed combustion apparatus specially adapted for operation at superatmospheric pressures f23c?10/16)"
182,"a01j","manufacture of dairy products (for chemical matters, see subclass a23c)"
183,"f41h","armour; armoured turrets; armoured or armed vehicles; means of attack or defence, e.g. camouflage, in general"
184,"f03h","producing a reactive propulsive thrust, not otherwise provided for (from combustion products f02k)"
185,"f03b","machines or engines for liquids (machines or engines for liquids and elastic fluids f01; positive-displacement engines for liquids f03c; positive-displacement machines for liquids f04)"
185,"f03c","positive-displacement engines driven by liquids (positive-displacement engines for liquids and elastic fluids f01; positive-displacement machines for liquids f04; fluid-pressure actuators f15b; fluid gearing f16h)"
186,"f01d","non-positive-displacement machines or engines, e.g. steam turbines (combustion engines f02; machines or engines for liquids f03, f04; non-positive-displacement pumps f04d)"
186,"f03","machines or engines for liquids; wind, spring, or weight motors; producing mechanical power or a reactive propulsive thrust, not otherwise provided for"
186,"f03b","machines or engines for liquids (machines or engines for liquids and elastic fluids f01; positive-displacement engines for liquids f03c; positive-displacement machines for liquids f04)"
187,"f03g","spring, weight, inertia, or like motors; mechanical-power-producing devices or mechanisms, not otherwise provided for or using energy sources not otherwise provided for (arrangements in connection with power supply in vehicles from force of nature b60k?16/00; electric propulsion with power supply in vehicles from force of nature b60l?8/00)"
188,"f03d","wind motors"
189,"b08b","cleaning in general; prevention of fouling in general (brushes a46; devices for domestic or like cleaning a47l; separation of particles from liquids or gases b01d; separation of solids b03, b07; spraying or applying liquids or other fluent materials to surfaces in general b05; cleaning devices for conveyors b65g?45/10; concurrent cleaning, filling and closing of bottles b67c?7/00; inhibiting corrosion or incrustation in general c23; cleaning streets, permanent ways, beaches or land e01h; parts, details or accessories of swimming or splash baths or pools, specially adapted for cleaning e04h?4/16; preventing or removing electrostatic charges h05f)"
190,"b65","conveying; packing; storing; handling thin or filamentary material"
190,"b65g","transport or storage devices, e.g. conveyors for loading or tipping, shop conveyor systems?or?pneumatic tube conveyors (packaging b65b; handling thin or filamentary materials, e.g. paper sheets or thread,?b65h; cranes b66c; portable or mobile lifting or hauling appliances, e.g. hoists, b66d; devices for lifting or lowering goods for loading or unloading purposes, e.g. fork-lift trucks, b66f?9/00; emptying bottles, jars, cans, casks, barrels or similar containers, not otherwise provided for, b67c?9/00; delivering or transferring liquids b67d; filling or discharging vessels for liquefied, solidified or compressed gases f17c; pipe-line systems for fluids f17d)"
190,"b65h","handling thin or filamentary material, e.g. sheets, webs, cables"
191,"b65c","labelling or tagging machines, apparatus, or processes (nailing or stapling in general b25c, b27f; processes for applying decalcomanias b44c?1/16; applying labels for packaging purposes b65b; labels, name-plates g09f)"
192,"b65b","machines, apparatus or devices for, or methods of, packaging articles or materials; unpacking (bundling and pressing devices for cigars a24c?1/44; devices for tensioning and securing binders adapted to be supported by the article or articles to be bound b25b?25/00; applying closure members to bottles, jars or similar containers b67b?1/00-b67b?6/00; concurrent cleaning, filling and closing of bottles b67c?7/00; emptying bottles, jars, cans, casks, barrels or similar containers b67c?9/00)"
193,"b65g","transport or storage devices, e.g. conveyors for loading or tipping, shop conveyor systems?or?pneumatic tube conveyors (packaging b65b; handling thin or filamentary materials, e.g. paper sheets or thread,?b65h; cranes b66c; portable or mobile lifting or hauling appliances, e.g. hoists, b66d; devices for lifting or lowering goods for loading or unloading purposes, e.g. fork-lift trucks, b66f?9/00; emptying bottles, jars, cans, casks, barrels or similar containers, not otherwise provided for, b67c?9/00; delivering or transferring liquids b67d; filling or discharging vessels for liquefied, solidified or compressed gases f17c; pipe-line systems for fluids f17d)"
194,"b65f","gathering or removal of domestic or like refuse (disinfecting refuse a61l; refuse disintegrators b02c; sorting refuse b03b, b07b; handcarts for transporting refuse receptacles b62b; sack holders b65b?67/00; converting refuse into fertilisers c05f; converting refuse into solid fuels c10l; sewers, cesspools e03f; arrangements in buildings for the disposal of refuse e04f?17/10; refuse-consuming furnaces f23g)"
195,"b65d","containers for storage or transport of articles or materials, e.g. bags, barrels, bottles, boxes, cans, cartons, crates, drums, jars, tanks, hoppers, forwarding containers; accessories, closures, or fittings therefor; packaging elements; packages"
196,"b01l","chemical or physical laboratory apparatus for general use (apparatus for medical or pharmaceutical purposes a61; apparatus for industrial purposes or laboratory apparatus whose construction and performance are comparable to that of similar industrial apparatus, see the relevant classes for industrial apparatus, particularly subclasses of b01 and c12; separating or distilling apparatus b01d; mixing or stirring devices b01f; atomisers b05b; sieves b07b; corks, bungs b65d; handling liquids in general b67; vacuum pumps f04; siphons f04f?10/00; taps, stop-cocks f16k; tubes, tube joints f16l; apparatus specially adapted for investigating or analysing materials g01, particularly g01n; electrical or optical apparatus, see the relevant classes in sections g and h)"
197,"b01j","chemical or physical processes, e.g. catalysis or colloid chemistry; their relevant apparatus [2]"
197,"f26b","drying solid materials or objects by removing liquid therefrom (drying devices for combines a01d?41/133; racks for drying fruit or vegetables a01f?25/12; drying foodstuffs a23; drying hair a45d?20/00; body-drying implements a47k?10/00; drying household articles a47l; drying gases or vapours b01d; chemical or physical processes for dewatering or like separating liquids from solids b01d?43/00; centrifugal apparatus b04; drying ceramics c04b?33/30; drying yarns or fabrics in association with some other form of treatment d06c; drying frames for laundry without heating or positive air circulation, domestic laundry-or spin-driers, wringing or hot pressing laundry d06f; furnaces, kilns, ovens f27)"
198,"b01d","separation (separating solids from solids by wet methods b03b, b03d, by pneumatic jigs or tables b03b, by other dry methods b07; magnetic or electrostatic separation of solid materials from solid materials or fluids, separation by high-voltage electric fields b03c; centrifuges b04b; vortex apparatus?b04c; presses per se for squeezing-out liquid from liquid-containing material b30b?9/02) [5]"
199,"b01f","mixing, e.g. dissolving, emulsifying, dispersing (mixing paints b44d?3/06)"
200,"b01b","boiling; boiling apparatus"
201,"b41j","typewriters; selective printing mechanisms, i.e. mechanisms printing otherwise than from a forme; correction of typographical errors (composing b41b; printing on special surfaces b41f; laundry marking b41k; erasers, rubbers or erasing devices b43l?19/00; fluid media for correction of typographical errors by coating c09d?10/00; recording the results of measuring g01; recognition or presentation of data, marking record carriers in digital fashion, e.g. by punching, g06k; franking or ticket-printing and issuing apparatus g07b; electric keyboard switches, in general h01h?13/70, h03k?17/94; coding in connection with keyboards or like devices, in general h03m?11/00; receivers or transmitters for transmission of digital information h04l; transmission or reproduction of documents, or the like, e.g. facsimile transmission, h04n?1/00; printing mechanisms specially adapted for apparatus, e.g. cash registers, weighing machines, producing records of their own performance, see the relevant subclasses)"
201,"g06m","counting mechanisms; counting of objects not otherwise provided for (counting by measuring volume or weight of articles to be counted g01f, g01g; adaptation of counters to electricity meters in electromechanical arrangements for measuring time integral of electric power or current g01r?11/16; computers g06c-g06j; counting electric pulses h03k; counting characters, words or messages in switching networks for transmission of digital information h04l?12/08; metering arrangements in telephonic systems h04m?15/00)"
201,"h03k","pulse technique (measuring pulse characteristics g01r; modulating sinusoidal oscillations with pulses h03c; transmission of digital information h04l; discriminator circuits?detecting phase difference between two signals by counting or integrating cycles of oscillation h03d?3/04; automatic control, starting, synchronisation or stabilisation of generators of electronic oscillations or pulses where the type of generator is irrelevant or unspecified h03l; coding, decoding or code conversion, in general h03m) [4]"
201,"h04j","multiplex communication (peculiar to transmission of digital information h04l?5/00; systems for the simultaneous or sequential transmission of more than one television signal h04n?7/08; in exchanges h04q?11/00)"
201,"h04l","transmission of digital information, e.g. telegraphic communication (arrangements common to telegraphic and telephonic communication h04m) [4]"
202,"d21h","pulp compositions; preparation thereof not covered by subclasses d21c, d21d; impregnating or coating of paper; treatment of finished paper not covered by class b31 or subclass d21g; paper not otherwise provided for [5]"
203,"f41b","weapons for projecting missiles without use of explosive or combustible propellant charge; weapons not otherwise provided for (projectiles for fishing, e.g. fish-spears, a01k?81/00; sports implements for throwing a63b?65/00, e.g. boomerangs a63b?65/08; stationary apparatus for projecting sports balls, e.g. tennis balls, a63b?69/40; throwing or slinging toys a63h?33/18; knives, axes b26b; projectiles or missiles other than those incorporating springs as projecting means f42b?6/00)"
205,"h05h","plasma technique (ion-beam tubes h01j?27/00; magnetohydrodynamic generators h02k?44/08; producing x-rays involving plasma generation h05g?2/00); production of accelerated electrically- charged particles or of neutrons (obtaining neutrons from radioactive sources g21, e.g. g21b, g21c, g21g); production or acceleration of neutral molecular or atomic beams (atomic clocks g04f?5/14; devices using stimulated emission h01s; frequency regulation by comparison with a reference frequency determined by energy levels of molecules, atoms, or subatomic particles h03l?7/26)"
206,"g02f","devices or arrangements, the optical operation of which is modified by changing the optical properties of the medium of the devices or arrangements for the control of the intensity, colour, phase, polarisation or direction of light, e.g. switching, gating, modulating or demodulating; techniques or procedures for the operation thereof; frequency-changing; non-linear optics; optical logic elements; optical analogue/digital converters [4]"
207,"f01k","steam engine plants; steam accumulators; engine plants not otherwise provided for; engines using special working fluids or cycles (gas-turbine or jet-propulsion plants f02; steam generation f22; nuclear power plants, engine arrangements therein g21d)"
208,"b22c","foundry moulding (moulding refractory materials in general b28b)"
209,"a43d","machines, tools, equipment or methods for manufacturing or repairing footwear (sewing d05b) [6]"
210,"a43b","characteristic features of footwear; parts of footwear"
211,"a43c","fastenings or attachments for footwear; laces in general"
212,"c40b","combinatorial chemistry; libraries, e.g. chemical libraries, in silico libraries [2006.01]"
213,"c08l","compositions of macromolecular compounds (compositions based on polymerisable monomers c08f, c08g; artificial filaments or fibres d01f; textile treating compositions d06) [2]"
214,"c08h","derivatives of natural macromolecular compounds (polysaccharides c08b; natural rubber c08c; natural resins or their derivatives c09f; working up pitch, asphalt or bitumen c10c?3/00)"
215,"c08k","use of inorganic or non-macromolecular organic substances as compounding ingredients (paints, inks, varnishes, dyes, polishes, adhesives c09) [2]"
216,"c08j","working-up; general processes of compounding; after-treatment not covered by subclasses c08b, c08c, c08f, c08g or c08h (working, e.g. shaping, of plastics b29) [2]"
217,"c08f","macromolecular compounds obtained by reactions only involving carbon-to-carbon unsaturated bonds (production of liquid hydrocarbon mixtures from lower carbon number hydrocarbons, e.g. by oligomerisation, c10g?50/00; fermentation or enzyme-using processes to synthesise a desired chemical compound or composition or to separate optical isomers from a racemic mixture c12p; graft polymerisation of monomers containing carbon-to-carbon unsaturated bonds on to fibres, threads, yarns, fabrics or fibrous goods made from such materials d06m?14/00) [2]"
217,"c08g","macromolecular compounds obtained otherwise than by reactions only involving carbon-to-carbon unsaturated bonds (fermentation or enzyme-using processes to synthesise a desired chemical compound or composition or to separate optical isomers from a racemic mixture c12p) [2]"
218,"c08f","macromolecular compounds obtained by reactions only involving carbon-to-carbon unsaturated bonds (production of liquid hydrocarbon mixtures from lower carbon number hydrocarbons, e.g. by oligomerisation, c10g?50/00; fermentation or enzyme-using processes to synthesise a desired chemical compound or composition or to separate optical isomers from a racemic mixture c12p; graft polymerisation of monomers containing carbon-to-carbon unsaturated bonds on to fibres, threads, yarns, fabrics or fibrous goods made from such materials d06m?14/00) [2]"
218,"c08g","macromolecular compounds obtained otherwise than by reactions only involving carbon-to-carbon unsaturated bonds (fermentation or enzyme-using processes to synthesise a desired chemical compound or composition or to separate optical isomers from a racemic mixture c12p) [2]"
219,"c08c","treatment or chemical modification of rubbers"
220,"c08b","polysaccharides; derivatives thereof (polysaccharides containing less than six saccharide radicals attached to each other by glycosidic linkages c07h; fermentation or enzyme-using processes c12p?19/00; production of cellulose d21) [4]"
221,"b06","generating or transmitting mechanical vibrations in general"
221,"b06b","generating or transmitting mechanical vibrations in general (for particular physical or chemical processes, see the relevant subclasses, e.g. b07b?1/40, b22c?19/06, b23q?17/12, b24b?31/06, e01c?19/22; measurement of mechanical vibrations, including the combination of generation and measurement, g01h; systems using reflection or reradiation of acoustic waves g01s?15/00; generating seismic energy for prospecting g01v?1/02; control of mechanical vibrations g05d?19/00; methods or devices for transmitting, conducting or directing sound, in general g10k?11/00; synthesis of acoustic waves g10k?15/02; piezo-electric, electrostrictive or magnetostrictive elements h01l?41/00; motors with vibrating magnet, armature or coil h02k?33/00; motors using piezo-electric effect, electrostriction or magnetostriction h02n?2/00; generation of electrical oscillations h03b; electromechanical resonators as resonant circuit elements h03h; loudspeakers, microphones, gramophone pick-ups or like acoustic electromechanical transducers h04r) [2]"
222,"b24d","tools for grinding, buffing or sharpening (abrading-bodies specially designed for tumbling apparatus, e.g. abrading-balls b24b?31/14; honing tools?b24b?33/08; lapping tools b24b?37/11)"
223,"b24b","machines, devices, or processes for grinding or polishing (by electro-erosion b23h; abrasive or related blasting b24c; electrolytic etching or polishing c25f?3/00); dressing or conditioning of abrading surfaces; feeding of grinding, polishing, or lapping agents [2]"
224,"b24c","abrasive or related blasting with particulate material"
225,"d01h","spinning or twisting (unwinding, paying-out, forwarding, winding, or coiling filamentary material, not intimately associated with spinning or twisting, b65h; cores, formers, supports, or holders for coiled or wound material, e.g. bobbins, b65h; twisting oakum d01g?35/00; crimping or curling of fibres, filaments, or yarns d02g?1/00; making chenille d03d, d04d?3/00; testing yarns, rovings, slivers, fibres, or fibre webs g01)"
227,"d01b","mechanical treatment of natural fibrous or filamentary material to obtain fibres or filaments, e.g. for spinning (crude extraction of asbestos fibres from ores b03b; apparatus for retting d01c)"
227,"d06b","treating textile materials using liquids, gases or vapours (mechanical treatment of natural fibrous or filamentary material to obtain fibres or filaments d01b) [2]"
228,"d01g","preliminary treatment of fibres, e.g. for spinning (winding or unwinding, conducting or guiding laps, webs, slivers, or rovings in general, sliver or roving cans, depositing in sliver or roving cans b65h; preparation of fibres for paper-making d21)"
229,"d01f","chemical features in the manufacture of man-made filaments, threads, fibres, bristles or ribbons; apparatus specially adapted for the manufacture of carbon filaments [2]"
230,"d01d","mechanical methods or apparatus in the manufacture of man-made filaments, threads, fibres, bristles or ribbons (working or processing of metal wire b21f; fibres or filaments of softened glass, minerals or slag c03b?37/00)"
231,"b66f","hoisting, lifting, hauling, or pushing, not otherwise provided for, e.g. devices which apply a lifting or pushing force directly to the surface of a load (mounting artificial islands on piles or like supports e02b?17/00; scaffolds combined with lifting devices e04g?1/22, e04g?3/28; lifting devices for sliding forms e04g?11/24; lifting of buildings e04g?23/06; shores or struts e04g?25/00; lifts or other hoisting devices on ladders e06c?7/12; props for mining e21d?15/00)"
232,"b66d","capstans; winches; tackles, e.g. pulley blocks; hoists (winding or unwinding ropes or cables for feeding or storage purposes b65h; rope or cable-winding or unwinding mechanisms for lifts b66b; hoisting devices specially adapted for suspended scaffolds e04g?3/32)"
233,"b66b","elevators; escalators or moving walkways (life-saving devices used as an alternative to normal egress means, e.g. stairs, during rescue to lower persons in cages, bags, or similar supports from buildings or other structures? a62b?1/02; equipment for handling freight or for facilitating passenger embarkation or the like to aircraft b64d?9/00; braking or detent devices characterised by their application to lifting or hoisting gear b66d?5/00) [4]"
234,"b66c","cranes; load-engaging elements or devices for cranes, capstans, winches, or tackles (rope, cable, or chain winding mechanisms, braking or detent devices therefor b66d; specially adapted for nuclear reactors g21)"
235,"g09f","displaying; advertising; signs; labels or name-plates; seals"
236,"g09g","arrangements or circuits for control of indicating devices using static means to present variable information (arrangements for transferring data between digital computers and?displays g06f?3/14; static indicating arrangements comprising an association of a number of separate sources or light control cells g09f?9/00; static indicating arrangements comprising integral associations of a number of light sources h01j, h01k, h01l, h05b?33/12; scanning, transmission or reproduction of documents or the like, e.g. facsimile transmission,?details thereof h04n?1/00) [5]"
237,"g09d","railway or like time or fare tables; perpetual calendars"
238,"g09b","educational or demonstration appliances; appliances for teaching, or communicating with, the blind, deaf or mute; models; planetaria; globes; maps; diagrams"
239,"g09c","ciphering or deciphering apparatus for cryptographic or other purposes involving the need for secrecy"
240,"b64b","lighter-than-air aircraft (ground installations for aircraft in general b64f)"
241,"c21d","modifying the physical structure of ferrous metals; general devices for heat treatment of ferrous or non-ferrous metals or alloys; making metal malleable by decarburisation, tempering, or other treatments (cementation by diffusion processes c23c; surface treatment of metallic material involving at least one process provided for in class c23 and at least one process covered by this subclass c23f?17/00; unidirectional solidification of eutectic materials or unidirectional demixing of eutectoid materials c30b)"
241,"c30b","single-crystal growth (by using ultra-high pressure, e.g. for the formation of diamonds b01j?3/06); unidirectional solidification of eutectic material or unidirectional demixing of eutectoid material; refining by zone-melting of material (zone-refining of metals or alloys c22b); production of a homogeneous polycrystalline material with defined structure (casting of metals, casting of other substances by the same processes or devices b22d; working of plastics b29; modifying the physical structure of metals or alloys c21d, c22f); single crystals or homogeneous polycrystalline material with defined structure; after-treatment of single crystals or a homogeneous polycrystalline material with defined structure (for producing semiconductor devices or parts thereof h01l); apparatus therefor [3]"
242,"c21b","manufacture of iron or steel (preliminary treatment of ferrous ores or scrap c22b?1/00)"
243,"c21c","processing of pig-iron, e.g. refining, manufacture of wrought-iron or steel; treatment in molten state of ferrous alloys"
245,"b32b","layered products, i.e. products built-up of strata of flat or non-flat, e.g. cellular or honeycomb, form"
246,"b25j","manipulators; chambers provided with manipulation devices (robotic devices for individually picking fruits, vegetables, hops or the like a01d?46/30; needle manipulators for surgery a61b?17/062; manipulators associated with rolling mills b21b?39/20; manipulators associated with forging machines b21j?13/10; means for holding wheels or parts thereof b60b?30/00; cranes b66c; arrangements for handling fuel or other materials which are used within nuclear reactors g21c?19/00; structural combination of manipulators with cells or rooms shielded against radiation g21f?7/06) [5]"
247,"b25h","workshop equipment, e.g. for marking-out work; storage means for workshops"
248,"b25g","handles for hand implements (attaching the blades or the like to handles of hand tools for soil working a01b?1/22; handles of hand implements for harvesting a01d?1/14; handles integral with brushware a46b)"
249,"b25f","combination or multi-purpose tools not otherwise provided for; details or components of portable power-driven tools not particularly related to the operations performed and not otherwise provided for [4]"
250,"b25d","percussive tools [2]"
251,"b25c","hand-held nailing or stapling tools; manually-operated portable stapling tools (manufacturing footwear a43d)"
251,"b27f","dovetailed work; tenons; slotting machines for wood or similar material; nailing or stapling machines (hand-held nailing or stapling tools b25c; manufacture of cases, trunks or boxes from wood b27m?3/34; connections for building structures in general, e.g. dowels for use in building constructions e04b?1/38; jointing elements in general, e.g. dowels in general, f16b)"
252,"b25b","tools or bench devices not otherwise provided for, for fastening, connecting, disengaging, or holding"
253,"f21l","lighting devices or systems thereof, being portable or specially adapted for transportation [7]"
253,"f21v","functional features or details of lighting devices or systems thereof; structural combinations of lighting devices with other articles, not otherwise provided for [7]"
253,"g02b","optical elements, systems, or apparatus (g02f takes precedence; optical elements specially adapted for use in lighting devices or systems thereof f21v?1/00-f21v?13/00; measuring-instruments, see the relevant subclass of class g01, e.g. optical rangefinders g01c; testing of optical elements, systems, or apparatus g01m?11/00; spectacles g02c; apparatus or arrangements for taking photographs or for projecting or viewing them g03b; sound lenses g10k?11/30; electron and ion "optics" h01j; x-ray "optics" h01j, h05g?1/00; optical elements structurally combined with electric discharge tubes h01j?5/16, h01j?29/89, h01j?37/22; microwave "optics" h01q; combination of optical elements with television receivers h04n?5/72; optical systems or arrangements in colour television systems h04n?9/00; heating arrangements specially adapted for transparent or reflecting areas h05b?3/84) [7]"
254,"b27g","accessory machines or apparatus for working wood or similar materials; tools for working wood or similar materials (tools for grinding b24d; sawing tools b27b?33/00; tools for slotting or mortising machines b27f?5/02; tools for the manufacture of wood shavings, chips, powder or the like b27l?11/00); safety devices for wood working machines or tools"
255,"d02g","crimping or curling fibres, filaments, yarns, or threads; yarns or threads"
256,"d02j","finishing or dressing of filaments, yarns, threads, cords, ropes, or the like (curling or crimping d02g; by treatment with liquids, gases or vapours d06b; finishing other than by liquid treatment, of yarns in warp or sheet form d06c; for chemical matters, seed06l, d06m, d06p, d06q; treatment during rope-making, apparatus for treating ropes auxiliary to rope-making d07b)"
257,"d02h","warping, beaming, or leasing"
258,"b67c","filling with liquids or semiliquids, or emptying, of bottles, jars, cans, casks, barrels, or similar containers, not otherwise provided for; funnels"
259,"b65b","machines, apparatus or devices for, or methods of, packaging articles or materials; unpacking (bundling and pressing devices for cigars a24c?1/44; devices for tensioning and securing binders adapted to be supported by the article or articles to be bound b25b?25/00; applying closure members to bottles, jars or similar containers b67b?1/00-b67b?6/00; concurrent cleaning, filling and closing of bottles b67c?7/00; emptying bottles, jars, cans, casks, barrels or similar containers b67c?9/00)"
259,"b67b","applying closure members to bottles, jars, or similar containers; opening closed containers (opening or closing devices attached to, or incorporated in, containers or container closures b65d)"
260,"b67d","dispensing, delivering, or transferring liquids, not otherwise provided for (cleaning pipes or tubes or systems of pipes or tubes b08b?9/02; emptying or filling of bottles, jars, cans, casks, barrels, or similar containers, not otherwise provided for b67c; water supply e03; pipe systems f17d; domestic hot-water supply systems f24d; measuring volume, volume flow, mass flow or liquid level, metering by volume g01f; coin-freed or like apparatus g07f) [5]"
261,"b27l","removing bark or vestiges of branches (forestry a01g); splitting wood; manufacture of veneer, wooden sticks, wood shavings, wood fibres or wood powder"
262,"f01b","machines or engines, in general or of positive-displacement type, e.g. steam engines (of rotary-piston or oscillating-piston type f01c; of non-positive-displacement type f01d; combustion engines f02; internal-combustion aspects of reciprocating-piston engines f02b?57/00, f02b?59/00; machines for liquids f03, f04; crankshafts, crossheads, connecting-rods f16c; flywheels f16f; gearings for interconverting rotary motion and reciprocating motion in general f16h; pistons, piston-rods, cylinders, for engines in general f16j)"
262,"f01c","rotary-piston or oscillating-piston machines or engines (combustion engines f02; internal-combustion aspects f02b?53/00, f02b?55/00; machines for liquids f03, f04)"
262,"f02f","cylinders, pistons, or casings for combustion engines; arrangements of sealings in combustion engines (specially adapted for rotary-piston or oscillating-piston internal-combustion engines f02b; specially adapted for gas-turbine plants f02c; specially adapted for jet-propulsion plants f02k) [2]"
262,"f02p","ignition, other than compression ignition, for internal-combustion engines; testing of ignition timing in compression-ignition engines (specially adapted for rotary-piston or oscillating-piston engines f02b?53/12; ignition of combustion apparatus in general, glowing plugs f23q; measuring of physical variables in general g01; controlling in general g05; data processing in general g06; electrical components in general, see section h; sparking plugs h01t)"
262,"f04b","positive-displacement machines for liquids; pumps (machines for liquids, or pumps, of rotary-piston or oscillating-piston type f04c; non-positive-displacement pumps f04d; pumping of fluid by direct contact of another fluid or by using inertia of fluid to be pumped f04f)"
263,"f01b","machines or engines, in general or of positive-displacement type, e.g. steam engines (of rotary-piston or oscillating-piston type f01c; of non-positive-displacement type f01d; combustion engines f02; internal-combustion aspects of reciprocating-piston engines f02b?57/00, f02b?59/00; machines for liquids f03, f04; crankshafts, crossheads, connecting-rods f16c; flywheels f16f; gearings for interconverting rotary motion and reciprocating motion in general f16h; pistons, piston-rods, cylinders, for engines in general f16j)"
264,"f01d","non-positive-displacement machines or engines, e.g. steam turbines (combustion engines f02; machines or engines for liquids f03, f04; non-positive-displacement pumps f04d)"
265,"f01m","lubricating of machines or engines in general; lubricating internal-combustion engines; crankcase ventilating [2]"
266,"f01n","gas-flow silencers or exhaust apparatus for machines or engines in general; gas-flow silencers or exhaust apparatus for internal-combustion engines (arrangements in connection with gas exhaust of propulsion units in vehicles b60k?13/00; combustion-air intake silencers specially adapted for, or arranged on, internal-combustion engines f02m?35/00; protecting against, or damping, noise in general g10k?11/16)"
266,"f02b","internal-combustion piston engines; combustion engines in general (cyclically operating valves therefor f01l; lubricating internal-combustion engines f01m; gas-flow silencers or exhaust apparatus therefor f01n; cooling of internal-combustion engines f01p; internal-combustion turbines f02c; plants in which engines use combustion products f02c, f02g)"
267,"b27k","processes, apparatus or selection of substances for impregnating, staining, dyeing or bleaching of wood, or for?treating of wood?with permeant liquids, not otherwise provided for; chemical or physical treatment of cork, cane, reed, straw or similar materials [2]"
268,"b27j","mechanical working of cane, cork, or similar materials"
269,"h02j","circuit arrangements or systems for supplying or distributing electric power; systems for storing electric energy"
270,"h01h","electric switches; relays; selectors; emergency protective devices (contact cables h01b?7/10; electrolytic self-interrupters h01g?9/18; emergency protective circuit arrangements h02h; switching by electronic means without contact-making h03k?17/00)"
270,"h02h","emergency protective circuit arrangements (indicating or signalling undesired working conditions g01r, e.g. g01r?31/00, g08b; locating faults along lines g01r?31/08; emergency protective devices h01h)"
271,"b07c","postal sorting; sorting individual articles, or bulk material fit to be sorted piece-meal, e.g. by picking (specially adapted for a specific purpose covered by another class, see the relevant place, e.g. a43d?33/06, b23q?7/12)"
272,"a63b","apparatus for physical training, gymnastics, swimming, climbing, or fencing; ball games; training equipment (apparatus for passive exercising, massage a61h)"
273,"a63c","skates; skis; roller skates; design or layout of courts, rinks or the like (water skis b63b?32/00, b63b?34/00) [5]"
276,"a63g","merry-go-rounds; swings; rocking-horses (swings or rocking?horses as nursery furniture a47d?13/10); chutes; switchbacks; similar devices for public amusement"
278,"a63j","devices for theatres, circuses, or the like; conjuring appliances or the like"
279,"a63k","racing; riding sports; equipment or accessories therefor (stop watches g04f?7/06; timing g07c?1/22; indicating arrangements for variable information by selection or combination of individual elements g09f?9/00)"
280,"c10h","production of acetylene by wet methods [5]"
281,"a24d","cigars; cigarettes; tobacco smoke filters; mouthpieces for cigars or cigarettes; manufacture of tobacco smoke filters or mouthpieces"
282,"c09d","coating compositions, e.g. paints, varnishes?or lacquers; filling pastes; chemical paint or ink removers; inks; correcting fluids; woodstains; pastes or solids for colouring or printing; use of materials therefor (cosmetics a61k; processes for applying liquids or other fluent materials to surfaces, in general, b05d; staining wood b27k?5/02; glazes or vitreous enamels c03c; natural resins, french polish, drying-oils, driers, turpentine, per se, c09f; polishing compositions other than french polish, ski waxes c09g; adhesives or use of materials as adhesives c09j; materials for sealing or packing joints or covers c09k?3/10; materials for stopping leaks c09k?3/12; processes for the electrolytic or electrophoretic production of coatings c25d) [5]"
284,"g04f","time-interval measuring (measuring pulse characteristics g01r, e.g. g01r?29/02; in radar or like systems g01s; masers h01s?1/00; generation of oscillations h03b; generation or counting of pulses, frequency dividing h03k; analogue/digital conversion in general h03m?1/00) [2]"
285,"a45d","hairdressing or shaving equipment; manicuring or other cosmetic treatment (wigs, toupees, or the like a41g?3/00, a41g?5/00; hairdressers' chairs a47c?1/04; hair cutting appliances, razors b26b)"
286,"a45f","travelling or camp equipment; sacks or packs carried on the body [2006.01]"
287,"g08g","traffic control systems (guiding railway traffic, ensuring the safety of railway traffic b61l; radar?or analogous systems, sonar systems or lidar systems specially adapted for traffic control g01s?13/91, g01s?15/88, g01s?17/88; radar or analogous systems, sonar systems or lidar systems specially adapted for anti-collision purposes g01s?13/93, g01s?15/93, g01s?17/93; control of position, course, altitude or attitude of land, water, air or space vehicles, not being specific to a traffic environment g05d?1/00) [2]"
288,"e05f","devices for moving wings into open or closed position; checks for wings; wing fittings not otherwise provided for, concerned with the functioning of the wing"
289,"g04d","apparatus or tools specially designed for making or maintaining clocks or watches"
290,"g04b","mechanically-driven clocks or watches; mechanical parts of clocks or watches in general; time-pieces using the position of the sun, moon, or stars (spring- or weight-driven mechanisms in general f03g; electromechanical clocks or watches g04c; electromechanical clocks with attached or built-in means operating any device at preselected times or after predetermined time intervals g04c?23/00; clocks or watches with stop devices g04f?7/08; structural details or housings specially adapted for electronic time-pieces with no moving parts g04g?17/00)"
290,"g04c","electromechanical clocks or watches (mechanical parts of clocks or watches in general g04b; electronic time-pieces with no moving parts, electronic circuitry for producing timing pulses g04g)"
290,"g04g","electronic time-pieces [3]"
290,"g05f","systems for regulating electric or magnetic variables (regulating the timing or recurrence frequency of pulses in radar or radio navigation systems g01s; regulation of current or voltage, specially adapted for use in electronic time-pieces g04g?19/02; closed-loop systems for regulating non-electric variables by electric means g05d; regulating power supply of digital computers g06f?1/26; for obtaining desired operating characteristics of electromagnets with armatures h01f?7/18; regulating electric power distribution networks h02j; regulating the charging of batteries h02j?7/00; regulating of the output of static converters, e.g. switching regulators, h02m; regulation of the output of electric generators h02n, h02p?9/00; controlling transformers, reactors or choke coils h02p?13/00; regulating frequency response, gain, maximum output, amplitude or bandwidth of amplifiers h03g; regulating tuning of resonant circuits h03j; controlling generators of electronic oscillations or pulses h03l; regulating characteristics of transmission lines h04b; controlling electric light sources h05b?39/04, h05b?41/36, h05b?45/10, h05b?45/20, h05b?47/10; electric control of x-ray apparatus h05g?1/30) [5]"
290,"h02m","apparatus for conversion between ac and ac, between ac and dc, or between dc and dc, and for use with mains or similar power supply systems; conversion of dc or ac input power into surge output power; control or regulation thereof (conversion of current or voltage specially adapted for use in electronic time-pieces with no moving parts g04g?19/02; systems for regulating electric or magnetic variables in general, e.g. using transformers, reactors or choke coils, combination of such systems with static converters g05f; for digital computers g06f?1/00; transformers h01f; connection or control of one converter with regard to conjoint operation with a similar or other source of supply h02j; dynamo-electric converters h02k?47/00; controlling transformers, reactors or choke coils, control or regulation of electric motors, generators or dynamo-electric converters h02p; pulse generators h03k) [5]"
291,"g04b","mechanically-driven clocks or watches; mechanical parts of clocks or watches in general; time-pieces using the position of the sun, moon, or stars (spring- or weight-driven mechanisms in general f03g; electromechanical clocks or watches g04c; electromechanical clocks with attached or built-in means operating any device at preselected times or after predetermined time intervals g04c?23/00; clocks or watches with stop devices g04f?7/08; structural details or housings specially adapted for electronic time-pieces with no moving parts g04g?17/00)"
291,"g04c","electromechanical clocks or watches (mechanical parts of clocks or watches in general g04b; electronic time-pieces with no moving parts, electronic circuitry for producing timing pulses g04g)"
292,"g04b","mechanically-driven clocks or watches; mechanical parts of clocks or watches in general; time-pieces using the position of the sun, moon, or stars (spring- or weight-driven mechanisms in general f03g; electromechanical clocks or watches g04c; electromechanical clocks with attached or built-in means operating any device at preselected times or after predetermined time intervals g04c?23/00; clocks or watches with stop devices g04f?7/08; structural details or housings specially adapted for electronic time-pieces with no moving parts g04g?17/00)"
293,"h03j","tuning resonant circuits; selecting resonant circuits (indicating arrangements for measuring g01d; measuring, testing g01r; remote-control in general g05, g08; automatic control or stabilisation of generators h03l)"
294,"a45b","walking sticks (walking aids, e.g. sticks, for blind persons a61h?3/06); umbrellas; ladies' or like fans (cane or umbrella stands or holders a47g?25/12)"
295,"h01t","spark gaps; overvoltage arresters using spark gaps; sparking plugs; corona devices; generating ions to be introduced into non-enclosed gases (overvoltage protection circuits h02h)"
296,"h01s","devices using the process of light amplification by stimulated emission of radiation [laser] to amplify or generate light; devices using stimulated emission of electromagnetic radiation in wave ranges other than optical"
296,"h05h","plasma technique (ion-beam tubes h01j?27/00; magnetohydrodynamic generators h02k?44/08; producing x-rays involving plasma generation h05g?2/00); production of accelerated electrically- charged particles or of neutrons (obtaining neutrons from radioactive sources g21, e.g. g21b, g21c, g21g); production or acceleration of neutral molecular or atomic beams (atomic clocks g04f?5/14; devices using stimulated emission h01s; frequency regulation by comparison with a reference frequency determined by energy levels of molecules, atoms, or subatomic particles h03l?7/26)"
297,"h01r","electrically-conductive connections; structural associations of a plurality of mutually-insulated electrical connecting elements; coupling devices; current collectors"
299,"h01p","waveguides; resonators, lines or other devices of the waveguide type (operating at optical frequencies g02b)"
300,"h01m","processes or means, e.g. batteries, for the direct conversion of chemical energy into electrical energy [2]"
301,"h01l","semiconductor devices; electric solid state devices not otherwise provided for (use of semiconductor devices for measuring g01; resistors in general h01c; magnets, inductors, transformers h01f; capacitors in general h01g; electrolytic devices h01g?9/00; batteries, accumulators h01m; waveguides, resonators, or lines of the waveguide type h01p; line connectors, current collectors h01r; stimulated-emission devices h01s; electromechanical resonators h03h; loudspeakers, microphones, gramophone pick-ups or like acoustic electromechanical transducers h04r; electric light sources in general h05b; printed circuits, hybrid circuits, casings or constructional details of electrical apparatus, manufacture of assemblages of electrical components h05k; use of semiconductor devices in circuits having a particular application, see the subclass for the application) [2]"
302,"h01k","electric incandescent lamps (details, apparatus or processes for manufacture applicable to both discharge devices and incandescent lamps h01j; light sources using a combination of incandescent and other types of light generation h01j?61/96, h05b?35/00)"
303,"h01j","electric discharge tubes or discharge lamps (spark-gaps h01t; arc lamps with consumable electrodes h05b; particle accelerators h05h)"
304,"h01h","electric switches; relays; selectors; emergency protective devices (contact cables h01b?7/10; electrolytic self-interrupters h01g?9/18; emergency protective circuit arrangements h02h; switching by electronic means without contact-making h03k?17/00)"
305,"h01g","capacitors; capacitors, rectifiers, detectors, switching devices, light-sensitive or temperature-sensitive devices of the electrolytic type (selection of specified materials as dielectric h01b?3/00; capacitors with potential-jump or surface barrier h01l?29/00)"
306,"h01f","magnets; inductances; transformers; selection of materials for their magnetic properties [2]"
307,"h01c","resistors"
307,"h01l","semiconductor devices; electric solid state devices not otherwise provided for (use of semiconductor devices for measuring g01; resistors in general h01c; magnets, inductors, transformers h01f; capacitors in general h01g; electrolytic devices h01g?9/00; batteries, accumulators h01m; waveguides, resonators, or lines of the waveguide type h01p; line connectors, current collectors h01r; stimulated-emission devices h01s; electromechanical resonators h03h; loudspeakers, microphones, gramophone pick-ups or like acoustic electromechanical transducers h04r; electric light sources in general h05b; printed circuits, hybrid circuits, casings or constructional details of electrical apparatus, manufacture of assemblages of electrical components h05k; use of semiconductor devices in circuits having a particular application, see the subclass for the application) [2]"
308,"b31f","mechanical working or deformation of paper, cardboard or material worked in a manner analogous to paper (making layered products not composed wholly of paper or cardboard b32b)"
310,"b26f","perforating; punching; cutting-out; stamping-out; severing by means other than cutting (marking-out, perforating or making buttonholes a41h?25/00; manufacturing footwear a43d; surgery a61b; punching metal b21d; drilling metal b23b; cutting of metal by applying heat locally, e.g. flame cutting, b23k; cutting by abrasive fluid jets b24c?5/02; details common to machines for severing b26d; drilling wood b27c; drilling stone b28d; working of plastics or substances in a plastic state b29; making boxes, cartons, envelopes or bags, of paper or similarly worked materials, e.g. metal foil, b31b; of glass c03b; of leather c14b; of textile materials d06h; for light guides g02b?6/25; of tickets g07b) [5]"
311,"b31b","making containers of paper, cardboard or material worked in a manner analogous to paper (making wound articles, e.g. wound tubes, b31c; combined making and filling b65b)"
311,"b31c","making wound articles, e.g. wound tubes, of paper, cardboard or material worked in a manner analogous to paper"
312,"f15b","systems acting by means of fluids in general; fluid-pressure actuators, e.g. servomotors; details of fluid-pressure systems, not otherwise provided for"
312,"g05b","control or regulating systems in general; functional elements of such systems; monitoring or testing arrangements for such systems or elements (fluid-pressure actuators or systems acting by means of fluids in general f15b; valves per sef16k; characterised by mechanical features only g05g; sensitive elements, see the appropriate subclasses, e.g. g12b, subclasses of g01, h01; correcting units, see the appropriate subclasses, e.g. h02k)"
313,"f15c","fluid-circuit elements predominantly used for computing or control purposes (transducers f15b?5/00; fluid dynamics in general f15d; computers comprising fluid elements g06d, g06g)"
314,"f15d","fluid dynamics, i.e. methods or means for influencing the flow of gases or liquids (fluid-circuit elements f15c)"
315,"b26b","hand-held cutting tools not otherwise provided for (for harvesting a01d; for horticulture, for forestry a01g; for butchering or meat treatment a22; for manufacturing or repairing footwear a43d; nail clippers or cutters a45d?29/02; kitchen equipment a47j; for surgical purposes a61b?17/00; for metal b23d; cutting by abrasive fluid jets b24c?5/02; plier-like tools with cutting edges b25b?7/22; pincers b25c?11/02; handles for hand implements, in general b25g; guillotine-type cutters b26d; for erasing b43l?19/00; for textile materials d06h)"
